# HOST ault24.cscs.ch, GPU Tesla V100-PCIE-16GB
Name,Model,Size,Num Features,Num Layers,Min,Mean,Median,Stdev,Max
dace_csc_adapt_cached,gcn,128,602,2,91.791025390625,91.8016484375,91.799013671875,0.009491218255773788,91.817373046875
dace_csc_adapt_cached,gcn,256,602,2,154.295068359375,154.3260654296875,154.3326171875,0.013797199234421659,154.33408203125
dace_csc_adapt_cached,gcn,512,602,2,375.517109375,375.53780078125,375.53953125,0.008118780380217395,375.5473828125
dace_csc_adapt_cached,gcn,1024,602,2,390.2252734375,390.2520859375,390.25462890625,0.009768666193131452,390.25984375
