# HOST ault24.cscs.ch, GPU Tesla V100-PCIE-16GB
Name,Model,Size,Num Features,Num Layers,Min,Mean,Median,Stdev,Max
dace_csc_adapt_cached,gcn,128,602,2,332.289892578125,332.30982421875,332.3138671875,0.014074591630401584,332.3267578125
dace_csc_adapt_cached,gcn,256,602,2,552.819775390625,552.86029296875,552.83759765625,0.05131651725330882,552.94296875
dace_csc_adapt_cached,gcn,512,602,2,479.03232421875,479.063740234375,479.033544921875,0.04615679292870617,479.135986328125
dace_csc_adapt_cached,gcn,1024,602,2,509.441064453125,509.456103515625,509.448583984375,0.016159084993653743,509.475537109375
