# HOST ault23.cscs.ch, GPU Tesla V100-PCIE-16GB
Name,Model,Size,Num Features,Num Layers,Min,Mean,Median,Stdev,Max
torch_csr,gat,8,128,2,23.240293884277342,23.24806640625,23.248793029785155,0.0061744065766485305,23.256678771972656
torch_dgnn_compiled,gat,8,128,2,26.3436279296875,26.35166687011719,26.35125732421875,0.00690224451102758,26.358782958984374
torch_csr,gat,16,128,2,32.653515625,32.66817016601562,32.66698303222656,0.013125600950074019,32.683929443359375
torch_dgnn_compiled,gat,16,128,2,28.37601318359375,28.39751708984375,28.40453186035156,0.017813561626428328,28.414208984375
