# HOST ault23.cscs.ch, GPU Tesla V100-PCIE-16GB
Name,Model,Size,Num Features,Num Layers,Min,Mean,Median,Stdev,Max
dace_csc_adapt_cached,gcn,128,602,2,331.7319580078125,331.7416748046875,331.740673828125,0.007912811963763425,331.7497314453125
dace_csc_adapt_cached,gcn,256,602,2,550.823291015625,550.8323046875,550.833349609375,0.0077916898131912314,550.841015625
dace_csc_adapt_cached,gcn,512,602,2,473.2935546875,473.303876953125,473.298583984375,0.01217488932471915,473.322216796875
dace_csc_adapt_cached,gcn,1024,602,2,503.344970703125,503.484267578125,503.520068359375,0.08616841866970104,503.555419921875
