# HOST ault23.cscs.ch, GPU Tesla V100-PCIE-16GB
Name,Model,Size,Num Features,Num Layers,Min,Mean,Median,Stdev,Max
dace_csc_adapt_cached,gcn,128,602,2,90.25567016601562,90.25887207031249,90.25786743164062,0.00267269039539331,90.26206665039062
dace_csc_adapt_cached,gcn,256,602,2,154.02578125,154.0271142578125,154.02711181640626,0.0012453086556296188,154.02860107421876
dace_csc_adapt_cached,gcn,512,602,2,372.3421630859375,372.34701171875,372.344873046875,0.004510546775616573,372.3524658203125
dace_csc_adapt_cached,gcn,1024,602,2,386.866796875,386.88193359375,386.8810791015625,0.01410719867199123,386.900634765625
