# HOST ault23.cscs.ch, GPU Tesla V100-PCIE-16GB
Name,Model,Size,Num Features,Num Layers,Min,Mean,Median,Stdev,Max
torch_csr,gat,8,128,2,10.55931396484375,10.564994995117187,10.56373779296875,0.005535112318739653,10.578995361328126
torch_dgnn_compiled,gat,8,128,2,5.1612060546875,5.170526184082031,5.1619940185546875,0.026869798591649393,5.246986083984375
torch_csr,gat,16,128,2,13.891348876953124,13.895369750976563,13.893847045898438,0.005163231257759642,13.90909423828125
torch_dgnn_compiled,gat,16,128,2,5.866332397460938,5.884956726074218,5.866793212890625,0.03894869641252064,5.971005249023437
