# HOST ault23.cscs.ch, GPU Tesla V100-PCIE-16GB
Name,Model,Size,Num Features,Num Layers,Min,Mean,Median,Stdev,Max
dace_csc_adapt_cached,gcn,128,602,2,90.816767578125,90.818931640625,90.818515625,0.001200163130798104,90.820498046875
dace_csc_adapt_cached,gcn,256,602,2,152.959501953125,152.9610224609375,152.96109863281248,0.0012606615401372107,152.96337890625
dace_csc_adapt_cached,gcn,512,602,2,372.2709765625,372.274828125,372.2740625,0.002541778728747661,372.2789453125
dace_csc_adapt_cached,gcn,1024,602,2,386.77921875,386.85797265625,386.8658203125,0.03770026391451643,386.9005078125
