# HOST ault23.cscs.ch, GPU Tesla V100-PCIE-16GB
Name,Model,Size,Num Features,Num Layers,Min,Mean,Median,Stdev,Max
torch_csr,gat,8,500,2,2.965247917175293,2.970337257385254,2.9708799362182616,0.00298143630889059,2.9725696563720705
torch_dgnn_compiled,gat,8,500,2,3.3214977264404295,3.324723205566406,3.324006271362305,0.0029658173494785268,3.3289215087890627
torch_csr,gat,16,500,2,3.7354496002197264,3.7369651794433594,3.736832046508789,0.0014005570487367277,3.7387264251708983
torch_dgnn_compiled,gat,16,500,2,3.574118423461914,3.5869081115722654,3.5750911712646483,0.024205497274798364,3.6299774169921877
