# HOST ault23.cscs.ch, GPU Tesla V100-PCIE-16GB
Name,Model,Size,Num Features,Num Layers,Min,Mean,Median,Stdev,Max
torch_csr,gat,8,500,2,1.6574362182617188,1.662634017944336,1.6619520568847657,0.004476317809790611,1.6691098022460937
torch_dgnn_compiled,gat,8,500,2,1.2595814514160155,1.2703037490844726,1.2705894470214845,0.009145397495051066,1.2831642150878906
torch_csr,gat,16,500,2,1.783900146484375,1.7928243103027344,1.787704315185547,0.013706796760305716,1.8289353942871094
torch_dgnn_compiled,gat,16,500,2,1.3917286682128907,1.3979515228271484,1.3961882019042968,0.006771851284830639,1.4109286499023437
