# HOST ault24.cscs.ch, GPU Tesla V100-PCIE-16GB
Name,Model,Size,Num Features,Num Layers,Min,Mean,Median,Stdev,Max
torch_edge_list_compiled,gcn_single_layer,8,128,2,0.32530208587646486,0.3294577293395996,0.32916128158569335,0.00337825987050353,0.33509761810302735
torch_csr,gcn_single_layer,8,128,2,1.8956349182128907,1.9006263427734376,1.9007501220703125,0.002493527530608828,1.9043251037597657
torch_edge_list_compiled,gcn_single_layer,16,128,2,0.4190822219848633,0.4232705307006836,0.4200468826293945,0.005563915750095537,0.43200767517089844
