# HOST ault24.cscs.ch, GPU Tesla V100-PCIE-16GB
Name,Model,Size,Num Features,Num Layers,Min,Mean,Median,Stdev,Max
torch_edge_list_compiled,gcn_single_layer,8,128,2,0.3271100616455078,0.3322734718322754,0.3352783966064453,0.004065725003287017,0.3355910491943359
torch_csr,gcn_single_layer,8,128,2,1.8971859741210937,1.918445816040039,1.90252685546875,0.04633151203103677,2.048750457763672
torch_edge_list_compiled,gcn_single_layer,16,128,2,0.41856735229492187,0.4188569602966309,0.4188630485534668,0.00015701164857378976,0.41913375854492185
