# HOST ault24.cscs.ch, GPU Tesla V100-PCIE-16GB
Name,Model,Size,Num Features,Num Layers,Min,Mean,Median,Stdev,Max
dace_csc,gcn_single_layer,128,128,1,4.89855842590332,4.900284805297852,4.899686431884765,0.0016677718497889156,4.902417755126953
dace_csc_alt,gcn_single_layer,128,128,1,4.23145751953125,4.234106521606445,4.233499145507812,0.0027180004506526774,4.238684844970703
dace_csc_adapt,gcn_single_layer,128,128,1,3.9798927307128906,3.9830230712890624,3.982049560546875,0.0036528405273041006,3.988568115234375
dace_csc_cached,gcn_single_layer,128,128,1,3.1599967956542967,3.1608361434936523,3.1604400634765626,0.0010844032140518896,3.162652778625488
dace_csc_adapt_cached,gcn_single_layer,128,128,1,3.1634912490844727,3.164992332458496,3.16440486907959,0.0017224145102449895,3.1678159713745115
