# HOST ault24.cscs.ch, GPU Tesla V100-PCIE-16GB
Name,Model,Size,Num Features,Num Layers,Min,Mean,Median,Stdev,Max
torch_edge_list_compiled,gcn_single_layer,8,128,2,1.095809555053711,1.0965206336975097,1.0968128204345704,0.0006651928925407811,1.097267246246338
torch_csr,gcn_single_layer,8,128,2,3.216592025756836,3.2193741607666015,3.2172176361083986,0.004071966619900646,3.2262481689453124
torch_edge_list_compiled,gcn_single_layer,16,128,2,1.350227165222168,1.3506892585754395,1.3503503799438477,0.0005988483665544006,1.35164155960083
