# HOST ault24.cscs.ch, GPU Tesla V100-PCIE-16GB
Name,Model,Size,Num Features,Num Layers,Min,Mean,Median,Stdev,Max
dace_csc,gcn_single_layer,128,128,1,1.6053334045410157,1.609037612915039,1.606379623413086,0.007833251876983617,1.6310841369628906
dace_csc_alt,gcn_single_layer,128,128,1,1.8516041564941406,1.8538876190185547,1.8523579406738282,0.004685937339229564,1.8671238708496094
dace_csc_adapt,gcn_single_layer,128,128,1,1.6047804260253906,1.608665786743164,1.6053267669677735,0.009480442209064802,1.6354071044921874
dace_csc_cached,gcn_single_layer,128,128,1,1.8545021057128905,1.8598394012451172,1.855162124633789,0.013010355814494884,1.8964714050292968
dace_csc_adapt_cached,gcn_single_layer,128,128,1,1.8513215637207032,1.856187957763672,1.8520126342773438,0.012040635416496463,1.890216064453125
