# HOST ault24.cscs.ch, GPU Tesla V100-PCIE-16GB
Name,Model,Size,Num Features,Num Layers,Min,Mean,Median,Stdev,Max
dace_csc,gcn_single_layer,128,1024,1,10.700011444091796,10.738255157470704,10.704195404052735,0.07732646140261054,10.876484680175782
dace_csc_alt,gcn_single_layer,128,1024,1,24.835891723632812,24.838053894042968,24.837388610839845,0.002211248358703302,24.840744018554688
dace_csc_adapt,gcn_single_layer,128,1024,1,10.69662857055664,10.706277465820312,10.700466918945313,0.01564333009104656,10.733985900878906
dace_csc_cached,gcn_single_layer,128,1024,1,16.352978515625,16.354635620117186,16.35425262451172,0.0014434233768710275,16.356291198730467
dace_csc_adapt_cached,gcn_single_layer,128,1024,1,10.710467529296874,10.724825286865235,10.712655639648437,0.02765439803557055,10.774171447753906
