# HOST ault24.cscs.ch, GPU Tesla V100-PCIE-16GB
Name,Model,Size,Num Features,Num Layers,Min,Mean,Median,Stdev,Max
dace_csc,gcn_single_layer,128,1024,1,4.73634521484375,4.750022491455078,4.750830230712891,0.009737687788160164,4.767463989257813
dace_csc_alt,gcn_single_layer,128,1024,1,12.248363037109375,12.249501220703126,12.249175415039062,0.0010724255323503909,12.252232666015624
dace_csc_adapt,gcn_single_layer,128,1024,1,4.736916198730468,4.751572296142578,4.75258056640625,0.009868327578304085,4.765119934082032
dace_csc_cached,gcn_single_layer,128,1024,1,12.22536376953125,12.22699853515625,12.226671752929688,0.0014840701052202742,12.2307861328125
dace_csc_adapt_cached,gcn_single_layer,128,1024,1,4.733794250488281,4.755182403564453,4.753031616210938,0.015799565982392804,4.779064025878906
