# HOST ault24.cscs.ch, GPU Tesla V100-PCIE-16GB
Name,Model,Size,Num Features,Num Layers,Min,Mean,Median,Stdev,Max
torch_edge_list_compiled,gcn_single_layer,8,128,2,0.6612688064575195,0.6618985652923584,0.6616672039031982,0.0006089595916533209,0.6628719806671143
torch_csr,gcn_single_layer,8,128,2,2.7698863983154296,2.780577278137207,2.780531120300293,0.007309000352616475,2.7883968353271484
torch_edge_list_compiled,gcn_single_layer,16,128,2,0.9042112350463867,0.9058873748779297,0.9059967994689941,0.0010273781315595018,0.9070128440856934
