# HOST ault24.cscs.ch, GPU Tesla V100-PCIE-16GB
Name,Model,Size,Num Features,Num Layers,Min,Mean,Median,Stdev,Max
dace_coo_adapt_cached,gcn,8,602,2,34.2564501953125,34.51104736328125,34.604378662109376,0.1971281355601268,34.820517578125
dace_csc_adapt_cached,gcn,8,602,2,35.3003515625,35.30464404296875,35.30507202148438,0.0017848480500207277,35.306484375
dace_coo_adapt_cached,gcn,16,602,2,51.5948193359375,51.60302197265625,51.60432373046875,0.006217451943068219,51.6096435546875
dace_csc_adapt_cached,gcn,16,602,2,40.33529052734375,40.33920922851562,40.339500732421875,0.002070142135166907,40.34170166015625
dace_coo_adapt_cached,gcn,32,602,2,65.6495068359375,65.65348486328125,65.653818359375,0.0024978660907140487,65.6573193359375
dace_csc_adapt_cached,gcn,32,602,2,42.8556396484375,42.85675830078125,42.85660400390625,0.0010462961953336886,42.85849609375
dace_coo_adapt_cached,gcn,128,602,2,239.69033203125,239.698494140625,239.698603515625,0.005915217477328334,239.70572265625
dace_coo_adapt_cached,gcn,256,602,2,391.1499609375,391.15826953125,391.1566796875,0.005608611167919414,391.1665625
dace_coo_adapt_cached,gcn,512,602,2,1005.946328125,1006.017328125,1006.0205078125,0.0361255046100801,1006.062109375
dace_coo_adapt_cached,gcn,1024,602,2,1018.760625,1018.818796875,1018.8110546875,0.044017091456353144,1018.898046875
