# HOST ault24.cscs.ch, GPU Tesla V100-PCIE-16GB
Name,Model,Size,Num Features,Num Layers,Min,Mean,Median,Stdev,Max
torch_csr,gcn,8,602,2,322.8727783203125,322.957138671875,322.9392333984375,0.07937469159466011,323.053369140625
torch_csr,gcn,16,602,2,331.114990234375,331.1425244140625,331.1343505859375,0.0271937720419404,331.183642578125
torch_csr,gcn,32,602,2,334.886669921875,334.97392578125,334.985400390625,0.05431688612335076,335.03466796875
torch_csr,gcn,64,602,2,415.388720703125,415.461572265625,415.46962890625,0.07238526209944197,415.5591796875
torch_csr,gcn,128,602,2,577.67236328125,577.758525390625,577.752783203125,0.05831548712994418,577.820849609375
torch_csr,gcn,256,602,2,902.59248046875,902.624765625,902.60087890625,0.052316122023090876,902.71728515625
