# HOST ault24.cscs.ch, GPU Tesla V100-PCIE-16GB
Name,Model,Size,Num Features,Num Layers,Min,Mean,Median,Stdev,Max
dace_coo_adapt_cached,gcn,8,602,2,67.57028198242188,67.67445068359375,67.708740234375,0.07251702525984174,67.75108032226562
dace_csc_adapt_cached,gcn,8,602,2,74.63878784179687,74.645029296875,74.64415283203125,0.005149643234401704,74.65188598632812
dace_coo_adapt_cached,gcn,16,602,2,88.99496459960938,89.0017724609375,89.00497436523438,0.005793692242023649,89.00737915039062
dace_csc_adapt_cached,gcn,16,602,2,91.71983642578125,91.73224365234375,91.73621826171875,0.009589286795796839,91.74353637695313
dace_coo_adapt_cached,gcn,32,602,2,106.67596435546875,106.6872705078125,106.68486328125,0.011283188185795962,106.70626220703124
dace_csc_adapt_cached,gcn,32,602,2,109.22923583984375,109.24712646484375,109.24915771484375,0.01284805145537105,109.263623046875
dace_coo_adapt_cached,gcn,128,602,2,330.5049072265625,330.5175830078125,330.5168212890625,0.009592449510127745,330.53125
dace_coo_adapt_cached,gcn,256,602,2,549.255615234375,549.274580078125,549.270458984375,0.017445948095901394,549.2978515625
dace_coo_adapt_cached,gcn,512,602,2,1046.48662109375,1046.5527734375,1046.55302734375,0.04808732973585179,1046.6068359375
dace_coo_adapt_cached,gcn,1024,602,2,1089.38134765625,1089.574609375,1089.5939453125,0.19606783874264427,1089.8623046875
