# HOST ault24.cscs.ch, GPU Tesla V100-PCIE-16GB
Name,Model,Size,Num Features,Num Layers,Min,Mean,Median,Stdev,Max
dace_csc_adapt_cached,gcn,8,602,2,37.4392822265625,37.4551572265625,37.44024169921875,0.023150750969748342,37.496689453125
dace_coo_adapt_cached,gcn,8,602,2,37.74855224609375,37.78134643554688,37.77806396484375,0.032722956396431024,37.82022216796875
dace_csc_adapt_cached,gcn,16,602,2,42.2624365234375,42.2640673828125,42.26366455078125,0.0016776912369351631,42.26783203125
dace_coo_adapt_cached,gcn,16,602,2,52.054130859375,52.0560986328125,52.0562109375,0.0014660838211702153,52.0587451171875
dace_csc_adapt_cached,gcn,32,602,2,44.7678271484375,44.803416015625,44.81837158203125,0.023626927641955155,44.820439453125
dace_coo_adapt_cached,gcn,32,602,2,68.2604931640625,68.26305859375,68.263056640625,0.00210593262145011,68.2663232421875
dace_csc_adapt_cached,gcn,64,602,2,58.5839013671875,58.58728466796875,58.5878564453125,0.002296057973164779,58.5904931640625
dace_coo_adapt_cached,gcn,64,602,2,154.43859375,154.4488662109375,154.4487890625,0.00544674362673429,154.456884765625
dace_coo_adapt_cached,gcn,128,602,2,239.70576171875,239.71016796875,239.7105859375,0.0030845801779424025,239.71552734375
dace_coo_adapt_cached,gcn,256,602,2,391.0526953125,391.066859375,391.0697265625,0.007558752443241479,391.073828125
dace_coo_adapt_cached,gcn,512,602,2,1008.8328125,1008.9071171875,1008.9104687500001,0.03742312450797434,1008.953515625
dace_coo_adapt_cached,gcn,1024,602,2,1023.02734375,1023.071796875,1023.0583203125,0.040397382507478846,1023.159921875
