# HOST ault24.cscs.ch, GPU Tesla V100-PCIE-16GB
Name,Model,Size,Num Features,Num Layers,Min,Mean,Median,Stdev,Max
torch_csr,gcn,8,602,2,121.097744140625,121.124841796875,121.122333984375,0.01264110840998407,121.140947265625
torch_csr,gcn,16,602,2,125.177509765625,125.2029765625,125.19303222656251,0.037093457843671684,125.30529296875
torch_csr,gcn,32,602,2,127.115107421875,127.1370625,127.1286572265625,0.029329624273868482,127.213359375
torch_csr,gcn,64,602,2,167.3584375,167.41089257812502,167.387900390625,0.05178980605941169,167.50626953125
torch_csr,gcn,128,602,2,248.14767578125,248.324806640625,248.3558984375,0.07876605397364182,248.38521484375
torch_csr,gcn,256,602,2,410.496875,410.74966015625,410.79390624999996,0.11632096441436997,410.83453125
