# HOST ault24.cscs.ch, GPU Tesla V100-PCIE-16GB
Name,Model,Size,Num Features,Num Layers,Min,Mean,Median,Stdev,Max
dace_csc_adapt_cached,gcn,8,602,2,80.7024658203125,80.70705200195313,80.70824584960937,0.003155838084962073,80.71014404296875
dace_coo_adapt_cached,gcn,8,602,2,72.86824951171874,72.87516235351562,72.87859497070312,0.006306641338555284,72.8816162109375
dace_csc_adapt_cached,gcn,16,602,2,94.23278198242187,94.23776733398438,94.23851318359375,0.004261161904185407,94.24251098632813
dace_coo_adapt_cached,gcn,16,602,2,91.16237182617188,91.1665771484375,91.16446533203126,0.005643522905087539,91.17650146484375
dace_csc_adapt_cached,gcn,32,602,2,113.71923828125,113.72222412109375,113.72216796875,0.0031131950567504893,113.7271240234375
dace_coo_adapt_cached,gcn,32,602,2,110.89781494140625,110.91641357421875,110.9179931640625,0.011889114524554224,110.9279296875
dace_csc_adapt_cached,gcn,64,602,2,215.3009765625,215.308408203125,215.3068603515625,0.005935846399624815,215.314697265625
dace_coo_adapt_cached,gcn,64,602,2,214.6404296875,214.660810546875,214.6587646484375,0.02003876594784846,214.684619140625
dace_coo_adapt_cached,gcn,128,602,2,332.373046875,332.3835595703125,332.3806640625,0.008878559097375761,332.395166015625
dace_coo_adapt_cached,gcn,256,602,2,550.396875,550.41302734375,550.418798828125,0.009980389917573225,550.420361328125
dace_coo_adapt_cached,gcn,512,602,2,1050.85400390625,1050.9391796875,1050.95458984375,0.0675047865689387,1051.005859375
dace_coo_adapt_cached,gcn,1024,602,2,1095.18271484375,1095.84474609375,1095.2814453125,0.9549075293584552,1097.41474609375
