# HOST ault23.cscs.ch, GPU Tesla V100-PCIE-16GB
Name,Model,Size,Num Features,Num Layers,Min,Mean,Median,Stdev,Max
torch_dgnn,gat,8,602,2,1659.0361328125,1660.0246484375,1660.2158203125,0.7562616445101678,1660.8998046875
torch_dgnn_compiled,gat,8,602,2,1662.17109375,1662.5725,1662.4455078125,0.3680479809124247,1662.9908203125
torch_dgnn,gat,16,602,2,1633.74755859375,1634.25236328125,1634.2431640625,0.3775429108842919,1634.72255859375
