# HOST ault24.cscs.ch, GPU Tesla V100-PCIE-16GB
Name,Model,Size,Num Features,Num Layers,Min,Mean,Median,Stdev,Max
dace_coo_adapt_cached,gcn,64,500,2,0.2492620849609375,0.2502656326293945,0.2502041625976562,0.0006175485865007928,0.25156608581542966
dace_csc_adapt_cached,gcn,64,500,2,0.25284608840942385,0.25451929664611816,0.2545867156982422,0.0012798059500558272,0.2568400001525879
dace_csc_coo_adapt_cached-0.9,gcn,64,500,2,0.27515871047973633,0.2772899837493896,0.2769816017150879,0.0013195236376311913,0.2796444892883301
