# HOST ault23.cscs.ch, GPU Tesla V100-PCIE-16GB
Name,Model,Size,Num Features,Num Layers,Min,Mean,Median,Stdev,Max
torch_dgnn,gat_single_layer,8,602,2,361.3569140625,362.89241015625,361.82236328125,2.350873101627494,367.705078125
torch_dgnn_compiled,gat_single_layer,8,602,2,361.1368359375,362.48345703125,361.35224609375,2.3833268932086606,367.1244140625
torch_dgnn,gat_single_layer,16,602,2,337.259921875,338.49815234375,337.35347656249996,2.362104425703633,342.9902734375
torch_dgnn_compiled,gat_single_layer,16,602,2,336.4850390625,337.77866015625,336.65248046875,2.40270987548884,342.4
