# HOST ault23.cscs.ch, GPU Tesla V100-PCIE-16GB
Name,Model,Size,Num Features,Num Layers,Min,Mean,Median,Stdev,Max
torch_csr,gat,16,128,2,13.883402099609375,13.8982451171875,13.899478759765625,0.01052863062170991,13.916282958984375
torch_csr,gat,32,128,2,20.75074462890625,20.78685498046875,20.790615234375,0.01745963731780328,20.8053564453125
torch_csr,gat,64,128,2,33.76186279296875,33.807252197265626,33.805639648437506,0.027825589219328817,33.842421875
