# HOST ault23.cscs.ch, GPU Tesla V100-PCIE-16GB
Name,Model,Size,Num Features,Num Layers,Min,Mean,Median,Stdev,Max
torch_dgnn_compiled,gat,8,500,2,1.2780441284179687,1.312404457092285,1.3077657318115232,0.03744537624162522,1.4040780639648438
torch_dgnn,gat,8,500,2,1.1065650939941407,1.136753662109375,1.113328628540039,0.05523310513970007,1.2807577514648438
