# HOST ault23.cscs.ch, GPU Tesla V100-PCIE-16GB
Name,Model,Size,Num Features,Num Layers,Min,Mean,Median,Stdev,Max
torch_csr,gat,16,128,2,32.683111572265624,32.70961120605469,32.719461059570314,0.022707620560418494,32.7309814453125
torch_csr,gat,32,128,2,51.530035400390624,51.56145263671875,51.534490966796874,0.04079620310990927,51.6115478515625
torch_csr,gat,64,128,2,85.25521850585938,85.29438720703125,85.29950561523438,0.02498544910285888,85.31712036132812
