# HOST ault24.cscs.ch, GPU Tesla V100-PCIE-16GB
Name,Model,Size,Num Features,Num Layers,Min,Mean,Median,Stdev,Max
dace_coo_adapt_cached,gcn,64,3703,2,0.5356048107147217,0.5370364761352538,0.5361135959625244,0.0020702982082895895,0.5406703948974609
dace_csc_adapt_cached,gcn,64,3703,2,0.5457935810089112,0.5494272041320801,0.5469200134277343,0.005964196764819194,0.5599232196807862
dace_csc_coo_adapt_cached-0.9,gcn,64,3703,2,0.5718031883239746,0.5724470424652099,0.5719552040100098,0.0008371576257124072,0.573798418045044
