# HOST ault23.cscs.ch, GPU Tesla V100-PCIE-16GB
Name,Model,Size,Num Features,Num Layers,Min,Mean,Median,Stdev,Max
torch_dgnn_compiled,gat,8,500,2,1.2693094635009765,1.2896921615600585,1.2769689559936523,0.026823807714046237,1.3490687561035157
torch_dgnn,gat,8,500,2,1.1060018920898438,1.1285575256347655,1.1212441635131836,0.024359134548827082,1.180354232788086
torch_dgnn_compiled,gat,128,500,2,4.064727172851563,4.070779907226562,4.068874206542969,0.007806422936609608,4.09175048828125
torch_dgnn,gat,128,500,2,4.037908630371094,4.039793701171875,4.039746551513672,0.0014522680888748784,4.042444763183593
