# HOST ault23.cscs.ch, GPU Tesla V100-PCIE-16GB
Name,Model,Size,Num Features,Num Layers,Min,Mean,Median,Stdev,Max
torch_dgnn,gat,8,602,2,402.742734375,403.63826562500003,403.2019140625,1.7847433494421039,408.686953125
torch_dgnn_compiled,gat,8,602,2,402.0830078125,402.79138671875,402.264921875,1.755957595225327,407.782890625
torch_dgnn,gat,16,602,2,379.5153125,380.17707421875,379.62312499999996,1.7274770771130596,385.0887890625
