# HOST ault23.cscs.ch, GPU Tesla V100-PCIE-16GB
Name,Model,Size,Num Features,Num Layers,Min,Mean,Median,Stdev,Max
torch_edge_list_compiled,gat_single_layer,8,128,2,2.131455993652344,2.1320765228271483,2.132162551879883,0.00030976642190896474,2.1323980712890624
torch_csr,gat_single_layer,8,128,2,6.613258056640625,6.6196940307617185,6.6152294921875,0.013996261411872638,6.659328002929687
torch_edge_list_compiled,gat_single_layer,16,128,2,3.4061004638671877,3.4072197265625,3.4073139953613283,0.0005056128422784172,3.4077490234375
torch_csr,gat_single_layer,16,128,2,9.664174194335937,9.668795471191405,9.6680908203125,0.0034543498314950198,9.67510009765625
torch_edge_list_compiled,gat_single_layer,32,128,2,5.497589721679687,5.5028879394531245,5.498178405761719,0.01479359984413673,5.544959716796875
torch_csr,gat_single_layer,32,128,2,16.105963134765624,16.14285205078125,16.147819213867187,0.022907586178588183,16.175985107421877
torch_edge_list_compiled,gat_single_layer,64,128,2,10.279649658203125,10.286319580078125,10.281384887695314,0.01518022886366586,10.32922119140625
torch_csr,gat_single_layer,64,128,2,28.17870849609375,28.1981279296875,28.195507812499997,0.014610352499905378,28.2323876953125
torch_edge_list_compiled,gat_single_layer,128,128,2,21.20818603515625,21.20991650390625,21.209774169921875,0.001519154148549143,21.21268310546875
