# HOST ault23.cscs.ch, GPU Tesla V100-PCIE-16GB
Name,Model,Size,Num Features,Num Layers,Min,Mean,Median,Stdev,Max
torch_edge_list_compiled,gat_single_layer,8,128,2,5.271244812011719,5.275289535522461,5.274879837036133,0.0038617625365393923,5.280767822265625
torch_csr,gat_single_layer,8,128,2,14.483302307128906,14.487460021972657,14.485862731933594,0.0039171976519680645,14.492620849609375
torch_edge_list_compiled,gat_single_layer,16,128,2,8.039884948730469,8.045015106201172,8.045670318603516,0.0031876226832815383,8.048486328125
torch_csr,gat_single_layer,16,128,2,23.22529296875,23.241646118164063,23.239987182617188,0.012339522112654116,23.25806121826172
torch_edge_list_compiled,gat_single_layer,32,128,2,14.62512664794922,14.626949157714844,14.626661682128907,0.0015753240633216055,14.629222106933593
torch_csr,gat_single_layer,32,128,2,41.392947387695315,41.44479248046875,41.447271728515624,0.04639572646369592,41.51311340332031
torch_edge_list_compiled,gat_single_layer,64,128,2,27.351910400390626,27.357081298828124,27.355545043945312,0.004156088340096556,27.36225280761719
torch_csr,gat_single_layer,64,128,2,73.16956176757813,73.18947875976562,73.19270629882813,0.018563980184809575,73.21333618164063
torch_edge_list_compiled,gat_single_layer,128,128,2,55.3217041015625,55.3554833984375,55.35308837890625,0.027387502815492765,55.39056396484375
