# HOST ault23.cscs.ch, GPU Tesla V100-PCIE-16GB
Name,Model,Size,Num Features,Num Layers,Min,Mean,Median,Stdev,Max
torch_edge_list_compiled,gat_single_layer,8,128,2,2.1304115295410155,2.132210693359375,2.131660766601563,0.0016934954191878478,2.135767059326172
torch_csr,gat_single_layer,8,128,2,6.616135864257813,6.61971142578125,6.618654479980469,0.004047148093898004,6.630082397460938
torch_edge_list_compiled,gat_single_layer,16,128,2,3.4057522583007813,3.4088826293945313,3.4077131652832033,0.002636809697564592,3.4119781494140624
torch_csr,gat_single_layer,16,128,2,9.671209106445312,9.683102722167968,9.683655700683595,0.005107887966866744,9.690419311523437
torch_edge_list_compiled,gat_single_layer,32,128,2,5.487933349609375,5.489533996582031,5.489310913085937,0.0012708419570864413,5.492572021484375
torch_csr,gat_single_layer,32,128,2,16.12052490234375,16.149823364257813,16.147921752929687,0.01902378440582445,16.18018310546875
torch_edge_list_compiled,gat_single_layer,64,128,2,10.28590576171875,10.292764404296875,10.2934423828125,0.0025993694115375755,10.295479736328126
torch_csr,gat_single_layer,64,128,2,28.15402099609375,28.1962568359375,28.19557861328125,0.025724764917146217,28.22981689453125
torch_edge_list_compiled,gat_single_layer,128,128,2,21.20045654296875,21.20238330078125,21.202268066406248,0.0018301324355675258,21.20711181640625
