# HOST ault23.cscs.ch, GPU Tesla V100-PCIE-16GB
Name,Model,Size,Num Features,Num Layers,Min,Mean,Median,Stdev,Max
torch_dgnn,gat_single_layer,8,602,2,1471.1693359375,1471.67548828125,1471.87822265625,0.43185645873800776,1472.14462890625
torch_dgnn_compiled,gat_single_layer,8,602,2,1469.94931640625,1470.51751953125,1470.6095703125,0.37268316207730645,1470.86162109375
torch_dgnn,gat_single_layer,16,602,2,1436.39755859375,1436.82888671875,1436.8380859375,0.3246219005532259,1437.24345703125
torch_dgnn_compiled,gat_single_layer,16,602,2,1433.66162109375,1434.41701171875,1434.49189453125,0.47164188412009506,1434.8373046875
