# HOST ault23.cscs.ch, GPU Tesla V100-PCIE-16GB
Name,Model,Size,Num Features,Num Layers,Min,Mean,Median,Stdev,Max
torch_dgnn_compiled,gat,8,500,2,3.3352191925048826,3.3541324615478514,3.344179153442383,0.029503601402740227,3.406438446044922
torch_dgnn,gat,8,500,2,2.78973445892334,2.7933286666870116,2.790912055969238,0.005976104253890449,2.803968048095703
torch_dgnn_compiled,gat,128,500,2,9.628364562988281,9.630279693603516,9.630003356933594,0.0018143685444865709,9.633074951171874
torch_dgnn,gat,128,500,2,10.403533172607421,10.415401000976562,10.413056182861329,0.011739348430587845,10.435020446777344
