# HOST ault24.cscs.ch, GPU Tesla V100-PCIE-16GB
Name,Model,Size,Num Features,Num Layers,Min,Mean,Median,Stdev,Max
dace_coo_adapt_cached,gcn,64,500,2,0.6556159973144531,0.6569065570831298,0.6565887928009033,0.001252390999570775,0.6589456081390381
dace_csc_adapt_cached,gcn,64,500,2,0.6850560188293457,0.6866428852081299,0.6867455959320068,0.0009635720149106172,0.687665605545044
dace_csc_coo_adapt_cached-0.9,gcn,64,500,2,0.7089663982391358,0.7121814441680908,0.7130640029907227,0.0019750775565373175,0.7137263774871826
