# HOST ault23.cscs.ch, GPU Tesla V100-PCIE-16GB
Name,Model,Size,Num Features,Num Layers,Min,Mean,Median,Stdev,Max
torch_dgnn_compiled,gat,8,500,2,4.766095275878906,4.7762954101562505,4.767196197509765,0.029059919776212226,4.858982543945313
torch_dgnn,gat,8,500,2,4.9057485961914065,4.90722103881836,4.907038726806641,0.0008826904007310078,4.9085235595703125
torch_dgnn_compiled,gat,128,500,2,18.542786865234376,18.5449716796875,18.544803466796875,0.0017866120564240732,18.54844970703125
torch_dgnn,gat,128,500,2,19.121336669921874,19.123842041015624,19.12363525390625,0.0018340250249319157,19.1269580078125
