# HOST ault24.cscs.ch, GPU Tesla V100-PCIE-16GB
Name,Model,Size,Num Features,Num Layers,Min,Mean,Median,Stdev,Max
dace_coo_adapt_cached,gcn,64,3703,2,0.22013952255249022,0.22044364738464356,0.2204055976867676,0.0001881675450036872,0.22069280624389648
dace_csc_adapt_cached,gcn,64,3703,2,0.2334819221496582,0.23363689994812012,0.23355408668518068,0.00014570185784725962,0.23395360946655275
dace_csc_coo_adapt_cached-0.9,gcn,64,3703,2,0.2505936050415039,0.2510582046508789,0.2509926319122314,0.00028925379573615866,0.2516687965393066
