# HOST ault23.cscs.ch, GPU Tesla V100-PCIE-16GB
Name,Model,Size,Num Features,Num Layers,Min,Mean,Median,Stdev,Max
torch_dgnn_compiled,gat,8,500,2,4.765368347167969,4.811025390625,4.767994995117188,0.12465070730365474,5.164093627929687
torch_dgnn,gat,8,500,2,4.905410461425781,4.907197448730469,4.907202606201172,0.0007753043720650121,4.908349304199219
torch_dgnn_compiled,gat,128,500,2,18.540810546875,18.5454130859375,18.545448608398438,0.0029538361793601006,18.54966796875
torch_dgnn,gat,128,500,2,19.1242041015625,19.16228625488281,19.12668701171875,0.11108679905039297,19.47831298828125
