# HOST ault23.cscs.ch, GPU Tesla V100-PCIE-16GB
Name,Model,Size,Num Features,Num Layers,Min,Mean,Median,Stdev,Max
torch_dgnn_compiled,gat,8,500,2,1.2667903900146484,1.2796416015625,1.269416961669922,0.021689065631179356,1.32484130859375
torch_dgnn,gat,8,500,2,1.1080908966064453,1.132439552307129,1.1139737701416017,0.03705990064636603,1.2150371551513672
torch_dgnn_compiled,gat,128,500,2,4.0684442138671875,4.070118438720703,4.069606475830078,0.0012970646815412018,4.07299072265625
torch_dgnn,gat,128,500,2,4.035092468261719,4.0479201965332035,4.036162567138671,0.03550585761767886,4.148818054199219
