# HOST ault23.cscs.ch, GPU Tesla V100-PCIE-16GB
Name,Model,Size,Num Features,Num Layers,Min,Mean,Median,Stdev,Max
torch_dgnn_compiled,gat,8,500,2,16.741888427734374,16.74831878662109,16.747007751464842,0.005753396416625472,16.756838989257812
torch_dgnn,gat,8,500,2,17.247027587890624,17.253642272949218,17.2569091796875,0.005792698173480267,17.259059143066406
torch_dgnn_compiled,gat,128,500,2,50.895513916015624,50.9033984375,50.90365295410156,0.005090586612473091,50.90969543457031
torch_dgnn,gat,128,500,2,55.225189208984375,55.22809936523438,55.22867431640625,0.002547972524570611,55.231744384765626
