# HOST ault23.cscs.ch, GPU Tesla V100-PCIE-16GB
Name,Model,Size,Num Features,Num Layers,Min,Mean,Median,Stdev,Max
torch_dgnn_compiled,gat,8,500,2,3.3560577392578126,3.3691545867919923,3.3613822937011717,0.01737588259479149,3.399168014526367
torch_dgnn,gat,8,500,2,2.791372871398926,2.8109209442138674,2.7933183670043946,0.02595162313485111,2.8460031509399415
