# HOST ault23.cscs.ch, GPU Tesla V100-PCIE-16GB
Name,Model,Size,Num Features,Num Layers,Min,Mean,Median,Stdev,Max
torch_dgnn_compiled,gat,8,500,2,3.335884857177734,3.340984344482422,3.339468765258789,0.00463826212986937,3.3474559783935547
torch_dgnn,gat,8,500,2,2.7875328063964844,2.7893862533569336,2.7885568618774412,0.0018743855818864263,2.7915264129638673
torch_dgnn_compiled,gat,128,500,2,9.630668640136719,9.646673889160157,9.633843231201173,0.02972561426446326,9.699737548828125
torch_dgnn,gat,128,500,2,10.372557067871094,10.374686737060546,10.373632049560547,0.00223244731420116,10.377983856201173
