# HOST ault23.cscs.ch, GPU Tesla V100-PCIE-16GB
Name,Model,Size,Num Features,Num Layers,Min,Mean,Median,Stdev,Max
torch_edge_list_compiled,gat_single_layer,8,128,2,5.817087936401367,5.826478042602539,5.821388626098633,0.010840510336977577,5.838489532470703
torch_csr,gat_single_layer,8,128,2,15.05443878173828,15.063245239257812,15.058944702148438,0.010688887471037486,15.080857849121093
torch_edge_list_compiled,gat_single_layer,16,128,2,8.777113342285157,8.783073120117187,8.784281921386718,0.0033515116774847174,8.785100555419922
torch_csr,gat_single_layer,16,128,2,23.990733337402343,24.004679565429687,24.00194549560547,0.014159393388654615,24.023858642578126
torch_edge_list_compiled,gat_single_layer,32,128,2,15.773388671875,15.776215209960938,15.775590515136718,0.002650265991875841,15.780455017089844
torch_csr,gat_single_layer,32,128,2,42.553445434570314,42.57768432617188,42.576177978515624,0.021491687527217654,42.607156372070314
torch_edge_list_compiled,gat_single_layer,64,128,2,29.377996826171874,29.381806030273438,29.382501220703126,0.0025323526047286993,29.384295654296874
torch_csr,gat_single_layer,64,128,2,75.12197265625,75.16019775390625,75.17726440429688,0.030480185343516923,75.18904418945313
torch_edge_list_compiled,gat_single_layer,128,128,2,58.97574462890625,59.01045776367187,58.98470458984375,0.06250933869449737,59.1215087890625
