# HOST ault23.cscs.ch, GPU Tesla V100-PCIE-16GB
Name,Model,Size,Num Features,Num Layers,Min,Mean,Median,Stdev,Max
torch_dgnn_compiled,gat,8,500,2,16.799897766113283,16.822190246582032,16.813209533691406,0.03187344600986407,16.87818298339844
torch_dgnn,gat,8,500,2,17.252505493164062,17.257369689941406,17.257778930664063,0.0041022224122461695,17.261875915527344
torch_dgnn_compiled,gat,128,500,2,50.95618591308594,50.98527770996094,50.992434692382815,0.020495507590519317,51.00702819824219
